Claims_Processed,N_Warmup,N_Live_Total,Total_Budget,Budget_Per_Branch,Sync_Interval,Global_Cumulative_Regret,Global_Utility_Saved,Global_Frauds_Caught,Global_Missed_Frauds,Global_Audits_Done,Global_Hit_Rate_%,Branch_601_Audits,Branch_601_Caught,Branch_601_ShadowPrice,Branch_601_Regret,Branch_1301_Audits,Branch_1301_Caught,Branch_1301_ShadowPrice,Branch_1301_Regret,Branch_1108_Audits,Branch_1108_Caught,Branch_1108_ShadowPrice,Branch_1108_Regret
250,1000,13234,3000,1000,250,112.0,104.0,95,30,177,53.67,58,41,2.1179,25.0,54,27,1.7592,38.0,65,27,2.1846,49.0
500,1000,13234,3000,1000,250,219.0,183.0,170,83,296,57.43,101,69,3.2592,63.0,99,57,3.0571,74.0,96,44,2.8618,82.0
750,1000,13234,3000,1000,250,334.0,250.0,224,157,376,59.57,129,90,3.5937,113.0,127,76,3.4824,116.0,120,58,3.2684,105.0
1000,1000,13234,3000,1000,250,442.0,336.0,279,228,459,60.78,160,116,4.0783,148.0,154,90,3.9256,153.0,145,73,3.657,141.0
1250,1000,13234,3000,1000,250,582.0,384.0,323,328,524,61.64,182,131,4.1695,201.0,177,106,4.2029,201.0,165,86,3.7049,180.0
1500,1000,13234,3000,1000,250,682.0,445.0,378,412,589,64.18,207,154,4.3767,240.0,193,122,4.1415,233.0,189,102,3.9755,209.0
1750,1000,13234,3000,1000,250,812.0,479.0,410,500,641,63.96,222,164,4.1747,283.0,213,136,4.2007,279.0,206,110,3.8847,250.0
2000,1000,13234,3000,1000,250,950.0,524.0,444,598,698,63.61,239,176,4.0726,333.0,229,145,4.1506,323.0,230,123,4.0533,294.0
2250,1000,13234,3000,1000,250,1066.0,560.0,478,681,748,63.9,259,191,4.0298,374.0,249,159,4.1759,360.0,240,128,3.7372,332.0
2500,1000,13234,3000,1000,250,1180.0,613.0,521,756,808,64.48,275,203,3.923,412.0,267,173,4.1691,387.0,266,145,4.0171,381.0
2750,1000,13234,3000,1000,250,1324.0,655.0,556,854,856,64.95,290,215,3.8116,460.0,283,184,3.9377,430.0,283,157,3.9263,434.0
3000,1000,13234,3000,1000,250,1446.0,694.0,588,944,907,64.83,312,231,3.9709,499.0,294,189,3.5469,475.0,301,168,3.8742,472.0
3250,1000,13234,3000,1000,250,1571.0,768.0,636,1035,975,65.23,334,247,4.1074,542.0,317,205,3.7902,523.0,324,184,4.0608,506.0
3500,1000,13234,3000,1000,250,1692.0,811.0,675,1130,1032,65.41,357,264,4.2033,587.0,340,220,3.9541,564.0,335,191,3.8174,541.0
3750,1000,13234,3000,1000,250,1838.0,870.0,721,1228,1092,66.03,373,276,4.1419,626.0,368,241,4.1186,632.0,351,204,3.8807,580.0
4000,1000,13234,3000,1000,250,1945.0,916.0,754,1306,1137,66.31,384,284,3.7738,659.0,385,255,4.0618,674.0,368,215,3.7219,612.0
4250,1000,13234,3000,1000,250,2062.0,967.0,792,1380,1196,66.22,405,296,3.8717,700.0,406,269,4.0577,718.0,385,227,3.7445,644.0
4500,1000,13234,3000,1000,250,2186.0,1026.0,838,1473,1261,66.46,430,317,4.147,740.0,418,276,3.8643,757.0,413,245,4.079,689.0
4750,1000,13234,3000,1000,250,2317.0,1084.0,881,1564,1315,67.0,449,330,3.9749,787.0,437,291,4.0323,798.0,429,260,3.9496,732.0
5000,1000,13234,3000,1000,250,2432.0,1127.0,920,1655,1372,67.06,466,341,4.0314,827.0,456,304,3.8375,840.0,450,275,4.1042,765.0
5250,1000,13234,3000,1000,250,2535.0,1179.0,968,1729,1431,67.65,487,357,4.0613,862.0,479,323,4.0467,878.0,465,288,3.9814,795.0
5500,1000,13234,3000,1000,250,2638.0,1253.0,1022,1815,1494,68.41,511,378,4.1959,904.0,500,340,4.258,901.0,483,304,3.952,833.0
5750,1000,13234,3000,1000,250,2777.0,1295.0,1058,1927,1542,68.61,529,392,4.0418,962.0,515,351,4.0785,944.0,498,315,3.8519,871.0
6000,1000,13234,3000,1000,250,2882.0,1366.0,1104,2010,1606,68.74,546,403,3.9057,1008.0,543,373,4.5038,974.0,517,328,3.9292,900.0
6250,1000,13234,3000,1000,250,3003.0,1426.0,1147,2095,1663,68.97,568,420,4.0083,1047.0,558,386,4.3924,1016.0,537,341,3.9544,940.0
6500,1000,13234,3000,1000,250,3116.0,1467.0,1188,2182,1721,69.03,593,443,4.2155,1082.0,572,395,4.231,1041.0,556,350,3.975,993.0
6750,1000,13234,3000,1000,250,3263.0,1531.0,1235,2280,1782,69.3,615,462,4.3861,1123.0,592,409,4.1655,1103.0,575,364,4.0863,1037.0
7000,1000,13234,3000,1000,250,3404.0,1583.0,1276,2380,1833,69.61,631,477,4.166,1169.0,610,425,4.0454,1145.0,592,374,4.1428,1090.0
7250,1000,13234,3000,1000,250,3556.0,1638.0,1314,2474,1891,69.49,653,491,4.2459,1215.0,629,436,4.066,1208.0,609,387,4.1088,1133.0
7500,1000,13234,3000,1000,250,3677.0,1701.0,1366,2561,1958,69.77,670,503,4.2571,1250.0,659,462,4.6592,1240.0,629,401,4.0207,1187.0
7750,1000,13234,3000,1000,250,3799.0,1748.0,1404,2656,2010,69.85,691,518,4.253,1299.0,669,468,4.2411,1287.0,650,418,4.2092,1213.0
8000,1000,13234,3000,1000,250,3941.0,1783.0,1437,2760,2053,70.0,705,530,4.1256,1336.0,688,482,4.1144,1341.0,660,425,3.7798,1264.0
8250,1000,13234,3000,1000,250,4062.0,1855.0,1483,2850,2112,70.22,722,543,4.1822,1373.0,707,497,4.0896,1387.0,683,443,3.8644,1302.0
8500,1000,13234,3000,1000,250,4180.0,1905.0,1524,2928,2172,70.17,741,555,4.1801,1415.0,728,514,4.1875,1433.0,703,455,3.9349,1332.0
8750,1000,13234,3000,1000,250,4297.0,1959.0,1562,3020,2227,70.14,766,576,4.478,1456.0,742,520,4.0034,1469.0,719,466,3.7375,1372.0
9000,1000,13234,3000,1000,250,4419.0,2025.0,1602,3114,2280,70.26,782,588,4.2693,1500.0,760,531,3.9173,1507.0,738,483,3.8488,1412.0
9250,1000,13234,3000,1000,250,4525.0,2087.0,1651,3198,2340,70.56,801,605,4.2785,1539.0,777,544,3.8946,1547.0,762,502,4.0287,1439.0
9500,1000,13234,3000,1000,250,4635.0,2167.0,1699,3286,2406,70.62,819,619,4.2377,1577.0,801,560,4.1198,1582.0,786,520,4.3106,1476.0
9750,1000,13234,3000,1000,250,4751.0,2226.0,1745,3375,2466,70.76,839,634,4.2857,1614.0,821,577,4.2357,1621.0,806,534,4.3131,1516.0
10000,1000,13234,3000,1000,250,4863.0,2273.0,1790,3460,2527,70.83,859,648,4.2542,1668.0,840,592,4.347,1648.0,828,550,4.4497,1547.0
10250,1000,13234,3000,1000,250,5006.0,2317.0,1828,3566,2576,70.96,876,661,4.0955,1730.0,855,603,4.2356,1684.0,845,564,4.3363,1592.0
10500,1000,13234,3000,1000,250,5125.0,2378.0,1869,3657,2637,70.88,900,678,4.4114,1765.0,874,615,4.1541,1731.0,863,576,4.3182,1629.0
10750,1000,13234,3000,1000,250,5243.0,2429.0,1911,3741,2690,71.04,913,689,4.2566,1809.0,897,632,4.2274,1782.0,880,590,4.2161,1652.0
11000,1000,13234,3000,1000,250,5367.0,2493.0,1960,3830,2750,71.27,935,707,4.3592,1853.0,913,644,4.1433,1825.0,902,609,4.364,1689.0
11250,1000,13234,3000,1000,250,5460.0,2550.0,2002,3899,2807,71.32,954,721,4.3458,1887.0,933,660,4.2592,1856.0,920,621,4.2779,1717.0
11500,1000,13234,3000,1000,250,5568.0,2611.0,2046,3996,2860,71.54,974,739,4.3483,1927.0,948,672,4.0798,1889.0,938,635,4.2712,1752.0
11750,1000,13234,3000,1000,250,5684.0,2672.0,2086,4086,2911,71.66,992,755,4.3416,1965.0,964,685,3.939,1925.0,955,646,4.1351,1794.0
12000,1000,13234,3000,1000,250,5807.0,2722.0,2121,4180,2956,71.75,1000,762,3.8348,2006.0,984,699,3.9642,1965.0,972,660,4.033,1836.0
12250,1000,13234,3000,1000,250,5921.0,2765.0,2141,4272,2989,71.63,1000,762,2.9507,2054.0,1000,710,3.7895,2002.0,989,669,3.9082,1865.0
12500,1000,13234,3000,1000,250,6091.0,2783.0,2150,4405,3000,71.67,1000,762,2.1573,2104.0,1000,710,2.7127,2076.0,1000,678,3.4948,1911.0
12750,1000,13234,3000,1000,250,6267.0,2783.0,2150,4543,3000,71.67,1000,762,1.1939,2152.0,1000,710,1.806,2152.0,1000,678,2.5314,1963.0
13000,1000,13234,3000,1000,250,6426.0,2783.0,2150,4685,3000,71.67,1000,762,0.1285,2212.0,1000,710,1.0352,2194.0,1000,678,1.5339,2020.0
