Claims_Processed,Daily_Budget_Per_Branch,Sync_Interval,Global_Cumulative_Regret,Global_Regret_Bandit,Global_Regret_KnapsackCapacity,Global_Regret_Knapsack,Global_Utility_Saved,Global_Frauds_Caught,Global_Missed_Frauds,Global_Audits_Done,Global_Hit_Rate_%,Branch_601_Audits,Branch_601_Caught,Branch_601_ShadowPrice,Branch_601_Regret,Branch_601_RegretBandit,Branch_601_RegretKnapsackCapacity,Branch_601_RegretKnapsack,Branch_1301_Audits,Branch_1301_Caught,Branch_1301_ShadowPrice,Branch_1301_Regret,Branch_1301_RegretBandit,Branch_1301_RegretKnapsackCapacity,Branch_1301_RegretKnapsack,Branch_1108_Audits,Branch_1108_Caught,Branch_1108_ShadowPrice,Branch_1108_Regret,Branch_1108_RegretBandit,Branch_1108_RegretKnapsackCapacity,Branch_1108_RegretKnapsack
250,500,250,112.13701140558943,112.13701140558943,0.0,14.0,120.0,111,14,224,49.55,64,42,1.2789,21.41586979870399,21.41586979870399,0.0,7.0,75,35,1.5427,35.45363181126532,35.45363181126532,0.0,3.0,85,34,1.7732,55.267509795620136,55.267509795620136,0.0,4.0
500,500,250,287.63923236625,287.63923236625,0.0,38.0,238.0,221,32,413,53.51,136,85,2.0093,80.45630882177083,80.45630882177083,0.0,15.0,138,75,2.0707,86.4395117818318,86.4395117818318,0.0,10.0,139,61,2.0577,120.74341176264714,120.74341176264714,0.0,13.0
750,500,250,464.10050837154574,464.10050837154574,0.0,67.0,365.0,331,50,602,54.98,208,136,1.3015,129.78202677221822,129.78202677221822,0.0,24.0,203,111,1.451,156.0668609298813,156.0668609298813,0.0,26.0,191,84,1.4849,178.2516206694457,178.2516206694457,0.0,17.0
1000,500,250,508.57575253304753,508.57575253304753,0.0,72.0,526.0,452,55,835,54.13,297,191,0.0,139.21874859872474,139.21874859872474,0.0,25.0,276,144,0.0,170.86881656217815,170.86881656217815,0.0,29.0,262,117,0.0,198.4881873721443,198.4881873721443,0.0,18.0
1250,500,250,607.4304736675023,607.4304736675023,0.0,78.0,687.0,592,59,1072,55.22,381,247,1.8885,172.04582267978574,172.04582267978574,0.0,26.0,349,187,1.5868,198.94716724393336,198.94716724393336,0.0,34.0,342,158,1.7872,236.43748374378333,236.43748374378333,0.0,18.0
1500,500,250,794.8379246879788,794.8379246879788,0.0,97.0,819.0,714,76,1271,56.18,451,297,2.5746,228.2591017383674,228.2591017383674,0.0,36.0,414,226,2.4387,257.47986192378534,257.47986192378534,0.0,39.0,406,191,2.4113,309.09896102582576,309.09896102582576,0.0,22.0
1750,500,250,1011.4967830921681,1011.4967830921681,0.0,125.0,935.0,810,100,1453,55.75,516,336,2.2753,303.03883291539904,303.03883291539904,0.0,45.0,476,260,1.755,328.41836856174,328.41836856174,0.0,48.0,461,214,1.336,380.0395816150288,380.0395816150288,0.0,32.0
2000,500,250,1079.2769386167888,1079.2769386167888,0.0,130.0,1090.0,937,105,1687,55.54,594,388,0.0,323.3388105649573,323.3388105649573,0.0,48.0,550,295,0.0,357.7818445666174,357.7818445666174,0.0,48.0,543,254,0.0,398.1562834852131,398.1562834852131,0.0,34.0
2250,500,250,1185.848201976621,1185.848201976621,0.0,137.0,1219.0,1047,112,1912,54.76,679,434,1.8563,366.3197455853039,366.3197455853039,0.0,51.0,627,332,1.58,398.7146742624201,398.7146742624201,0.0,52.0,606,281,1.2312,420.81378212889496,420.81378212889496,0.0,34.0
2500,500,250,1418.5217990384026,1418.5217990384026,0.0,162.0,1344.0,1149,128,2118,54.25,743,472,2.6304,433.082842480295,433.082842480295,0.0,57.0,694,363,2.4208,477.51495978727957,477.51495978727957,0.0,56.0,681,314,2.0593,507.92399677082403,507.92399677082403,0.0,49.0
2750,500,250,1636.4658311812805,1636.4658311812805,0.0,220.0,1459.0,1248,162,2296,54.36,794,507,1.8673,489.6719874092123,489.6719874092123,0.0,79.0,760,394,1.6198,568.266012611301,568.266012611301,0.0,72.0,742,347,1.2902,578.5278311607635,578.5278311607635,0.0,69.0
3000,500,250,1700.185306810734,1700.185306810734,0.0,223.0,1598.0,1367,165,2533,53.97,876,554,0.0,510.61812877006923,510.61812877006923,0.0,79.0,835,428,0.0,589.6606037950583,589.6606037950583,0.0,73.0,822,385,0.0,599.9065742456028,599.9065742456028,0.0,71.0
3250,500,250,1790.0707498632207,1790.0707498632207,0.0,226.0,1774.0,1503,168,2767,54.32,957,607,1.7902,539.1343795504135,539.1343795504135,0.0,79.0,908,470,1.5343,615.8303117035148,615.8303117035148,0.0,74.0,902,426,1.7742,635.1060586092879,635.1060586092879,0.0,73.0
3500,500,250,1994.3088310191554,1994.3088310191554,0.0,252.0,1894.0,1617,188,2966,54.52,1031,653,2.6087,612.6329746221979,612.6329746221979,0.0,89.0,978,508,2.2752,688.7431593228056,688.7431593228056,0.0,84.0,957,456,2.3418,692.9326970741474,692.9326970741474,0.0,79.0
3750,500,250,2203.146343139216,2203.146343139216,0.0,294.0,2043.0,1736,213,3159,54.95,1086,693,2.0738,657.6541633880205,657.6541633880205,0.0,96.0,1066,558,1.9744,797.5507088275216,797.5507088275216,0.0,110.0,1007,485,1.7918,747.9414709236717,747.9414709236717,0.0,88.0
4000,500,250,2306.1896216137475,2306.1896216137475,0.0,306.0,2172.0,1842,218,3386,54.4,1158,729,0.0,686.365763323786,686.365763323786,0.0,96.0,1139,597,0.0,836.0526899647359,836.0526899647359,0.0,120.0,1089,516,0.0,783.7711683252244,783.7711683252244,0.0,90.0
4250,500,250,2418.770434204672,2418.770434204672,0.0,313.0,2312.0,1951,221,3618,53.92,1236,772,1.6707,716.6013644206245,716.6013644206245,0.0,97.0,1224,629,1.8303,887.4018114466111,887.4018114466111,0.0,123.0,1158,550,1.5042,814.7672583374359,814.7672583374359,0.0,93.0
4500,500,250,2594.28630884544,2594.28630884544,0.0,342.0,2447.0,2069,242,3810,54.3,1302,820,2.3023,760.2885079718096,760.2885079718096,0.0,104.0,1274,655,2.1438,952.0458365189534,952.0458365189534,0.0,138.0,1234,594,2.2907,881.9519643546762,881.9519643546762,0.0,100.0
4750,500,250,2810.9092815732097,2810.9092815732097,0.0,377.0,2590.0,2182,263,4007,54.45,1377,863,1.6448,836.4324672728817,836.4324672728817,0.0,113.0,1330,684,1.8119,1030.568782221081,1030.568782221081,0.0,159.0,1300,635,2.0045,943.9080320792453,943.9080320792453,0.0,105.0
5000,500,250,2884.2839853588866,2884.2839853588866,0.0,381.0,2726.0,2310,265,4243,54.44,1446,908,0.0,859.8782804138542,859.8782804138542,0.0,113.0,1425,729,0.0,1055.1210652908544,1055.1210652908544,0.0,159.0,1372,673,0.0,969.2846396541752,969.2846396541752,0.0,109.0
5250,500,250,2996.985110833968,2996.985110833968,0.0,392.0,2859.0,2428,269,4475,54.26,1528,953,1.7685,896.9604710332968,896.9604710332968,0.0,114.0,1506,769,1.8427,1103.095118343405,1103.095118343405,0.0,168.0,1441,706,1.4022,996.9295214572635,996.9295214572635,0.0,110.0
5500,500,250,3163.1303004656897,3163.1303004656897,0.0,404.0,3015.0,2556,281,4676,54.66,1600,1007,2.4832,942.5259177931179,942.5259177931179,0.0,120.0,1565,801,2.5081,1168.769378579716,1168.769378579716,0.0,170.0,1511,748,2.2448,1051.8350040928533,1051.8350040928533,0.0,114.0
5750,500,250,3330.8422932742365,3330.8422932742365,0.0,435.0,3153.0,2684,301,4865,55.17,1669,1059,1.9849,999.7428833138342,999.7428833138342,0.0,136.0,1630,841,1.9847,1231.3182676912973,1231.3182676912973,0.0,176.0,1566,784,1.6207,1099.7811422691009,1099.7811422691009,0.0,123.0
6000,500,250,3413.4531986540537,3413.4531986540537,0.0,439.0,3307.0,2809,305,5103,55.05,1749,1107,0.0,1022.341667534545,1022.341667534545,0.0,137.0,1711,882,0.0,1264.9292564296657,1264.9292564296657,0.0,179.0,1643,820,0.0,1126.1822746898401,1126.1822746898401,0.0,123.0
6250,500,250,3523.029979632202,3523.029979632202,0.0,450.0,3463.0,2928,314,5333,54.9,1828,1151,1.6223,1058.0006618491336,1058.0006618491336,0.0,142.0,1781,917,1.4648,1295.6189862125698,1295.6189862125698,0.0,183.0,1724,860,1.8214,1169.4103315704917,1169.4103315704917,0.0,125.0
6500,500,250,3721.8119948235835,3721.8119948235835,0.0,473.0,3577.0,3042,328,5534,54.97,1906,1205,2.6987,1111.321671550538,1111.321671550538,0.0,144.0,1845,943,2.2614,1371.7182095927033,1371.7182095927033,0.0,186.0,1783,894,2.1638,1238.7721136803343,1238.7721136803343,0.0,143.0
6750,500,250,3910.418014436883,3910.418014436883,0.0,504.0,3743.0,3167,348,5733,55.24,1967,1254,2.2083,1148.3802290871513,1148.3802290871513,0.0,152.0,1923,987,2.0289,1456.0605117504767,1456.0605117504767,0.0,197.0,1843,926,1.6871,1305.9772735992474,1305.9772735992474,0.0,155.0
7000,500,250,3988.2724019041907,3988.2724019041907,0.0,510.0,3920.0,3302,354,5964,55.37,2048,1309,0.0,1166.6935946060696,1166.6935946060696,0.0,155.0,2007,1034,0.0,1492.541848144333,1492.541848144333,0.0,200.0,1909,959,0.0,1329.0369591537806,1329.0369591537806,0.0,155.0
7250,500,250,4084.7480196379106,4084.7480196379106,0.0,518.0,4099.0,3428,360,6197,55.32,2131,1360,1.7886,1193.4494889583773,1193.4494889583773,0.0,156.0,2084,1067,1.6933,1534.9255994969776,1534.9255994969776,0.0,206.0,1982,1001,1.5676,1356.3729311825473,1356.3729311825473,0.0,156.0
7500,500,250,4268.825752605359,4268.825752605359,0.0,536.0,4250.0,3551,376,6400,55.48,2192,1396,2.5318,1251.7032807690537,1251.7032807690537,0.0,160.0,2150,1113,2.5187,1580.0398621803217,1580.0398621803217,0.0,210.0,2058,1042,2.3233,1437.0826096559774,1437.0826096559774,0.0,166.0
7750,500,250,4493.793428565899,4493.793428565899,0.0,556.0,4385.0,3666,394,6599,55.55,2265,1444,2.0546,1322.133889827392,1322.133889827392,0.0,168.0,2213,1144,2.1065,1666.5483730966105,1666.5483730966105,0.0,219.0,2121,1078,2.1637,1505.111165641892,1505.111165641892,0.0,169.0
8000,500,250,4573.31402557549,4573.31402557549,0.0,564.0,4544.0,3799,398,6827,55.65,2333,1489,0.0,1338.5468166652302,1338.5468166652302,0.0,168.0,2298,1191,0.0,1699.2211431586506,1699.2211431586506,0.0,224.0,2196,1119,0.0,1535.5460657516048,1535.5460657516048,0.0,172.0
8250,500,250,4677.352359092995,4677.352359092995,0.0,574.0,4714.0,3929,404,7061,55.64,2401,1533,1.5332,1356.503037938476,1356.503037938476,0.0,168.0,2377,1233,1.6782,1740.4397839487967,1740.4397839487967,0.0,231.0,2283,1163,1.9024,1580.4095372057182,1580.4095372057182,0.0,175.0
8500,500,250,4894.87865729875,4894.87865729875,0.0,592.0,4845.0,4034,418,7260,55.56,2471,1576,2.3397,1411.5025932137578,1411.5025932137578,0.0,170.0,2442,1268,2.3145,1816.7232023968822,1816.7232023968822,0.0,244.0,2347,1190,2.5765,1666.6528616881017,1666.6528616881017,0.0,178.0
8750,500,250,5074.8670427288735,5074.8670427288735,0.0,605.0,4986.0,4151,431,7452,55.7,2539,1627,2.028,1452.353287507902,1452.353287507902,0.0,173.0,2504,1299,1.8491,1884.5842905851487,1884.5842905851487,0.0,245.0,2409,1225,1.832,1737.9294646358137,1737.9294646358137,0.0,187.0
9000,500,250,5145.290934802319,5145.290934802319,0.0,607.0,5159.0,4283,433,7686,55.72,2621,1679,0.0,1469.360574917299,1469.360574917299,0.0,173.0,2587,1337,0.0,1917.3779331398464,1917.3779331398464,0.0,247.0,2478,1267,0.0,1758.552426745165,1758.552426745165,0.0,187.0
9250,500,250,5242.128707575142,5242.128707575142,0.0,608.0,5315.0,4415,434,7924,55.72,2700,1732,1.7712,1493.9167886904634,1493.9167886904634,0.0,174.0,2662,1375,1.7401,1947.3933090717371,1947.3933090717371,0.0,247.0,2562,1308,1.806,1800.8186098129283,1800.8186098129283,0.0,187.0
9500,500,250,5445.514527961224,5445.514527961224,0.0,628.0,5467.0,4533,452,8125,55.79,2765,1774,2.4022,1550.6856970672334,1550.6856970672334,0.0,180.0,2732,1413,2.6101,2023.0771732331555,2023.0771732331555,0.0,252.0,2628,1346,2.5705,1871.7516576608232,1871.7516576608232,0.0,196.0
9750,500,250,5650.288474689409,5650.288474689409,0.0,658.0,5598.0,4647,473,8315,55.89,2833,1816,2.0719,1613.8529545869558,1613.8529545869558,0.0,183.0,2790,1448,1.8779,2089.7708791511777,2089.7708791511777,0.0,268.0,2692,1383,2.0559,1946.6646409512596,1946.6646409512596,0.0,207.0
10000,500,250,5728.205165548411,5728.205165548411,0.0,662.0,5737.0,4773,477,8545,55.86,2918,1870,0.0,1638.819212579789,1638.819212579789,0.0,184.0,2858,1481,0.0,2115.2044440882105,2115.2044440882105,0.0,271.0,2769,1422,0.0,1974.1815088803953,1974.1815088803953,0.0,207.0
